sentiment_label,posts,comments
positive,24.0,4.671532846715328
neutral,22.0,17.51824817518248
negative,54.0,77.81021897810218
