subreddit,negative,neutral,positive,n,pct_positive,pct_neutral,pct_negative
privacy,227,31,11,269,4.089219330855019,11.524163568773234,84.38661710037175
technology,204,39,4,247,1.6194331983805668,15.789473684210526,82.5910931174089
Futurology,61,12,5,78,6.41025641025641,15.384615384615385,78.2051282051282
augmentedreality,26,23,19,68,27.941176470588236,33.82352941176471,38.23529411764706
RaybanMeta,33,14,1,48,2.083333333333333,29.166666666666668,68.75
SmartGlasses,1,7,3,11,27.27272727272727,63.63636363636363,9.090909090909092
