brand,n,mean_score,pct_positive,pct_negative
xiaomi,49,0.1857142857142856,26.53061224489796,6.122448979591836
snap,101,0.1841584158415842,29.7029702970297,14.85148514851485
xreal,1325,0.1181886792452815,21.81132075471698,15.09433962264151
google,348,0.08965517241379359,22.701149425287355,20.114942528735632
apple,546,0.05805860805860839,24.175824175824175,29.304029304029307
meta,1603,0.050904553961322783,24.64129756706176,28.197130380536496
