brand,n_posts,n_comments,share_pct_posts,share_pct_comments
meta,532,1071,44.55611390284757,38.55291576673866
xreal,402,923,33.66834170854271,33.225341972642184
apple,127,419,10.636515912897822,15.082793376529876
google,75,273,6.281407035175879,9.827213822894167
snap,37,64,3.0988274706867673,2.3038156947444204
xiaomi,21,28,1.7587939698492463,1.0079193664506838
